Date,0
2017-01-09,-0.00033517877042270105
2017-01-10,-2.248495434625899e-05
2017-01-11,0.00011327589830930215
2017-01-12,-4.29303655063977e-05
2017-01-13,-0.0007157298754799022
2017-01-17,-0.0008983733752097173
2017-01-18,-0.00037328749845401795
2017-01-19,-0.0009371190185002106
2017-01-20,-7.305780132200958e-05
2017-01-23,0.00031710375299565585
2017-01-24,0.0006116838662689512
2017-01-25,-5.602916573188748e-05
2017-01-26,0.0006864465250526901
2017-01-27,-0.000948113434108843
2017-01-30,-0.00020596078151827356
2017-01-31,-0.0010688784498371518
2017-02-01,0.0033067977818308546
2017-02-02,0.00034939057902276494
2017-02-03,0.0006818835330778995
2017-02-06,0.0013890576873556465
2017-02-07,-0.0010944063793466461
2017-02-08,-0.00038321746607395795
2017-02-09,-0.0002552717492194699
2017-02-10,0.0003515303561328544
2017-02-13,-0.001720434752580176
2017-02-14,9.47453659778333e-05
2017-02-15,-0.0006614887648849198
2017-02-16,4.806343762506844e-05
2017-02-17,-0.00035281906608194237
2017-02-21,0.0017841350001262224
2017-02-22,3.681282148433647e-05
2017-02-23,-0.00031172657832715257
2017-02-24,-0.00034542406438554756
2017-02-27,0.002703540321692645
2017-02-28,-0.0009209646182671486
2017-03-01,0.0005988975209233752
2017-03-02,-0.0010924007357651895
2017-03-03,-0.0007844581640917447
2017-03-06,-0.0008957847667941135
2017-03-07,9.497770765215119e-05
2017-03-08,-0.00045736117514095826
2017-03-09,0.00038880059782625477
2017-03-10,0.0008713576193834014
2017-03-13,0.00031661725001993606
2017-03-14,-0.001644199761247977
2017-03-15,5.87108917026822e-05
2017-03-16,-0.000844580045462966
2017-03-17,0.0005087641119948314
2017-03-20,0.002025072330457813
2017-03-21,7.483713788146695e-05
2017-03-22,0.0002845581395346932
2017-03-23,-0.0005633345619625594
2017-03-24,-0.0006134709591514131
2017-03-27,-0.0008531567401099827
2017-03-28,-0.0007093956262827357
2017-03-29,0.00023761351049922562
2017-03-30,0.0007446544366952897
2017-03-31,0.00046804221215200566
2017-04-03,-0.0008503089853897882
2017-04-04,-0.0020909871378073817
2017-04-05,0.0001722540466857149
2017-04-06,-0.0011468043400873608
2017-04-07,6.19796597521767e-06
2017-04-10,-0.0017035467382475267
2017-04-11,0.00035321164084805006
2017-04-12,0.0011310811093532076
2017-04-13,-0.0019348905764707653
2017-04-17,0.0019058704443281605
2017-04-18,0.000985863463196374
2017-04-19,-0.00023105074857358661
2017-04-20,-0.00042446812701446763
2017-04-21,-0.0009711775749252029
2017-04-24,0.0007328353390249323
2017-04-25,6.35190441487927e-06
2017-04-26,-0.00017263231595184984
2017-04-27,-0.0002817521703921778
2017-04-28,-0.0009364015125335602
2017-05-01,0.00011636761810481654
2017-05-02,-0.0058577963102611355
2017-05-03,0.0007493379013206356
2017-05-04,-0.00025246358777500176
2017-05-05,-0.0007420534540336957
2017-05-08,0.0003530989701592951
2017-05-09,-0.0014361306933834601
2017-05-10,0.0043283892035711
2017-05-11,0.002286580122837661
2017-05-12,-0.0002571835828804087
2017-05-15,0.0005104060928130548
2017-05-16,0.0022021394459092415
2017-05-17,-0.000506434529853812
2017-05-18,-0.002816109314785762
2017-05-19,-0.0003186521468489056
2017-05-22,-0.000953531201846736
2017-05-23,0.0016164894765509283
2017-05-24,9.252531271138028e-05
2017-05-25,-0.0014092880045663756
2017-05-26,-0.0005714015579749854
2017-05-30,-0.0009381443241333966
2017-05-31,-0.0005964157054068342
2017-06-01,-0.00061218440119956
2017-06-02,-0.0002477318686458419
2017-06-05,-0.00038972224407322485
2017-06-06,0.0013026387273415672
2017-06-07,0.0007845675302827063
2017-06-08,-0.001273149039588116
2017-06-09,0.004223839017491328
2017-06-12,0.00037293737866779655
2017-06-13,-0.0013240134206232723
2017-06-14,-0.0007879768250155184
2017-06-15,-0.00028306241098774817
2017-06-16,0.0014514399403093077
2017-06-19,-0.0002344714723623674
2017-06-20,0.000906823071900515
2017-06-21,0.0002698729587437453
2017-06-22,-0.0020029989415411486
2017-06-23,0.0001882281975131362
2017-06-26,0.00041716084889738996
2017-06-27,0.0017958081257697484
2017-06-28,-0.0010405984643817082
2017-06-29,0.0014350605980161725
2017-06-30,-0.0003563465557637061
2017-07-03,0.0016746569356741244
2017-07-05,0.0038251810739357906
2017-07-06,0.0004091571201568422
2017-07-07,-0.0008252462411848303
2017-07-10,-0.00019984799158498075
2017-07-11,-0.0001412758500214968
2017-07-12,-0.000808561059278028
2017-07-13,0.0004892246377195976
2017-07-14,-0.00035840863927902105
2017-07-17,0.0004930448364373817
2017-07-18,-0.0022122863475346546
2017-07-19,-0.00021642209456231492
2017-07-20,0.0009635723670175408
2017-07-21,-0.0008110662578120024
2017-07-24,-0.0006716092616192947
2017-07-25,0.00028841982440523276
2017-07-26,-0.0003824793332388502
2017-07-27,0.0007779955301472461
2017-07-28,0.00011019183772322398
2017-07-31,0.0003084220146414465
2017-08-01,0.0007454259293965286
2017-08-02,0.00017383936434075086
2017-08-03,-0.0011474414715797788
2017-08-04,0.0006790052786152448
2017-08-07,0.0007721129405731458
2017-08-08,-0.00015432043995825895
2017-08-09,1.610357111436196e-05
2017-08-10,0.0006017517579529906
2017-08-11,-0.0020050708755177415
2017-08-14,0.001129510541424068
2017-08-15,0.001363284192363161
2017-08-16,-0.0012284534012845755
2017-08-17,0.00045830720777614815
2017-08-18,0.0008168487664543143
2017-08-21,0.00013918079256944834
2017-08-22,-0.0003411337184013236
2017-08-23,-8.267346285870224e-05
2017-08-24,0.00027081639893335413
2017-08-25,0.0011149386506534677
2017-08-28,0.00021134940063582326
2017-08-29,0.0002707602503436391
2017-08-30,-0.0007388403972418963
2017-08-31,-0.00022353944965420035
2017-09-01,4.839685307807009e-05
2017-09-05,-0.0009354002921762368
2017-09-06,0.0008509887851665668
2017-09-07,-0.0006538416391735525
2017-09-08,0.00038466102250284996
2017-09-11,-7.202080795901982e-05
2017-09-12,-0.0003989649823815456
2017-09-13,0.0007532000925466075
2017-09-14,-0.0012106610438872992
2017-09-15,0.003348493314467254
2017-09-18,0.0016329150657600155
2017-09-19,0.0010496631952919115
2017-09-20,-0.0002326648735472271
2017-09-21,5.980993063809739e-05
2017-09-22,-0.00022199392808772785
2017-09-25,-0.0008224701509751275
2017-09-26,1.087558495596591e-05
2017-09-27,0.0017223323159491677
2017-09-28,-0.00016048064832831872
2017-09-29,0.0004440497569340231
2017-10-02,-0.00041990982223199207
2017-10-03,-0.00029491687539892224
2017-10-04,-0.000974953676129842
2017-10-05,0.0010204490632589464
2017-10-06,0.0014065864949711513
2017-10-09,0.0010890141723833514
2017-10-10,-0.0003911906274280058
2017-10-11,-0.00018356209033551938
2017-10-12,0.00023849659443584426
2017-10-13,-4.82404817935438e-05
2017-10-16,0.002515276849368404
2017-10-17,-7.781981015527931e-05
2017-10-18,-0.0007896724712200301
2017-10-19,0.00021394560443540228
2017-10-20,0.0013177379293052094
2017-10-23,-0.0006923724946223233
2017-10-24,0.0019232741977002693
2017-10-25,0.00015254149599111197
2017-10-26,0.001516269773799918
2017-10-27,0.0033794116822181614
2017-10-30,0.000847102241712243
2017-10-31,0.0018945218148275454
2017-11-01,-0.001935700556980096
2017-11-02,-0.0015948073339971682
2017-11-03,-0.0026810956581264337
2017-11-06,-0.00017330055446007934
2017-11-07,-0.0004749376025567624
2017-11-08,-0.003100254613137184
2017-11-09,0.000738440890712155
2017-11-10,0.0007106269792468933
2017-11-13,0.0008397028285072501
2017-11-14,-0.00046997375676498216
2017-11-15,3.1685573212289137e-05
2017-11-16,-0.004245582055319117
2017-11-17,-0.0009759497299260875
2017-11-20,-0.00031826567991887714
2017-11-21,0.0017101408895530475
2017-11-22,-9.930457370656e-05
2017-11-24,-0.0007566103213282634
2017-11-27,-0.0008535076277642516
2017-11-28,0.002105731049546005
2017-11-29,0.000913922791451854
2017-11-30,0.000194074420069496
2017-12-01,-0.000462898204145416
2017-12-04,0.0011242797399375626
2017-12-05,0.0018339385035671465
2017-12-06,0.0007520271963394216
2017-12-07,4.383013030903365e-05
2017-12-08,0.0009214475933208778
2017-12-11,-0.0008412598628068384
2017-12-12,0.0004795962782120598
2017-12-13,-0.0009536286625729146
2017-12-14,-0.0010582888135630146
2017-12-15,0.0011699510882784915
2017-12-18,-0.0008295867662951353
2017-12-19,-0.0008878646186580877
2017-12-20,0.00024229493024102827
2017-12-21,0.00047875934089866524
2017-12-22,0.0004943741243070811
2017-12-26,-0.0010478996663962905
2017-12-27,0.00044729789714500107
2017-12-28,0.0007803610746776736
2017-12-29,-0.00030276790690321616
2018-01-02,-0.0005859076156643796
2018-01-03,-0.00036305950605165
2018-01-04,-0.001214328212874432
2018-01-05,0.00035377465161881344
2018-01-08,0.0005100226960667753
2018-01-09,0.002266770322460697
2018-01-10,2.349168603313581e-05
2018-01-11,-0.001541768601111077
2018-01-12,-0.0015905614386829525
2018-01-16,0.0015075570363434069
2018-01-17,-0.0014073084701867258
2018-01-18,-0.0004591260618814461
2018-01-19,-2.4869637414027856e-05
2018-01-22,5.1343838549628565e-05
2018-01-23,0.0011997332112929277
2018-01-24,2.991976358935597e-05
2018-01-25,0.001381765967096353
2018-01-26,0.0004349681133933807
2018-01-29,-0.0020164433076611424
2018-01-30,0.00047220549543032124
2018-01-31,0.0022484707853668165
2018-02-01,0.0028891466970327262
2018-02-02,-3.5389856257108257e-05
2018-02-05,0.0016432379947353248
2018-02-06,0.002548962112250642
2018-02-07,-0.0021911945557617383
2018-02-08,-0.0006458170836731351
2018-02-09,0.0017911526864808564
2018-02-12,0.0012598645067261214
2018-02-13,-0.0004226807063032891
2018-02-14,-0.002212744370460989
2018-02-15,-0.0005763099147699626
2018-02-16,-0.0007888087211445244
2018-02-20,0.0022674960558042336
2018-02-21,0.000738488878049276
2018-02-22,0.0020833711491844206
2018-02-23,-8.95789691644028e-05
2018-02-26,-0.004075767469875043
2018-02-27,0.0018148448906613191
2018-02-28,-0.001120304056279768
2018-03-01,-0.0016419414049435638
2018-03-02,-0.0016166633907954723
2018-03-05,0.0008926610636311471
2018-03-06,0.00036612009553891884
2018-03-07,0.0015140969264843523
2018-03-08,0.0009874565591765703
2018-03-09,0.001568748080298801
2018-03-12,0.001206548686629667
2018-03-13,0.000815468020643696
2018-03-14,0.0011415603041371712
2018-03-15,0.001614416676941259
2018-03-16,0.001136376840266598
2018-03-19,-0.0011131996031260173
2018-03-20,0.004698444673203285
2018-03-21,-3.088272086897282e-05
2018-03-22,-0.0019360536579061483
2018-03-23,-0.0009722134301756852
2018-03-26,0.000302976783443365
2018-03-27,0.0002140556683540266
2018-03-28,0.0021196541187428982
2018-03-29,-0.001658181004794005
2018-04-02,0.003328960200313599
2018-04-03,-0.001362184728886532
2018-04-04,-0.001308334828391368
2018-04-05,-0.0013921131346269424
2018-04-06,0.0003707868296742671
2018-04-09,0.0005143269369981721
2018-04-10,0.001060777404243407
2018-04-11,-0.0010884207593635483
2018-04-12,0.00024429573477505916
2018-04-13,-0.0011846041827239715
2018-04-16,0.000978016439365847
2018-04-17,0.00010788165876974095
2018-04-18,0.0021887718264755264
2018-04-19,0.003864505564261157
2018-04-20,0.0004964956650846001
2018-04-23,0.0006463872081893796
2018-04-24,-0.0022658861235560893
2018-04-25,-0.0009975037170220922
2018-04-26,0.003119172020333292
2018-04-27,0.00011687954946656286
2018-04-30,0.0014373480582494562
2018-05-01,-0.0007926983588541762
2018-05-02,0.0022903862879432297
2018-05-03,0.002873782988762106
2018-05-04,-0.0026814384944738186
2018-05-07,-0.0016417561613412445
2018-05-08,0.0009694695039655053
2018-05-09,0.0009901765579653841
2018-05-10,-0.0014165358631436638
2018-05-11,0.001442513106673436
2018-05-14,0.00015288957371467214
2018-05-15,-0.0019909963024093724
2018-05-16,-0.002982047485660272
2018-05-17,0.0011828519761266257
2018-05-18,0.0006854454498204026
2018-05-21,0.0008113509137447694
2018-05-22,0.0003432366668234842
2018-05-23,0.0009540942969424165
2018-05-24,-5.602266278477249e-05
2018-05-25,-0.0015051716786661634
2018-05-29,-0.0002897190382087913
2018-05-30,0.0004993572570742599
2018-05-31,-0.0007874195459576125
2018-06-01,-0.0016026212639117746
2018-06-04,0.0002807068557862486
2018-06-05,0.0012656608950792324
2018-06-06,-0.0030392975936750755
2018-06-07,0.0006346697345709907
2018-06-08,0.00010109012201019634
2018-06-11,-0.002474782623311539
2018-06-12,-0.0004918311084015783
2018-06-13,0.00023224117795030618
2018-06-14,-0.0013954199131259739
2018-06-15,-0.0013989282064719142
2018-06-18,0.0010237254828583803
2018-06-19,0.0017760932704134565
2018-06-20,0.0009344103963111915
2018-06-21,0.0016903096432522092
2018-06-22,-0.0009043646677455264
2018-06-25,-0.000547183706152507
2018-06-26,0.0010418110446188313
2018-06-27,0.00028949835701833705
2018-06-28,0.0003648089904596842
2018-06-29,-0.0025053981306581465
2018-07-02,0.0004921064110802682
2018-07-03,0.0020514345326592526
2018-07-05,-0.000907187515129535
2018-07-06,-0.0004602700009626444
2018-07-09,-0.0004527388875201954
2018-07-10,0.0012904343187458299
2018-07-11,-0.0006972448256441644
2018-07-12,0.002233609671974161
2018-07-13,0.0005879459104243278
2018-07-16,0.00036021689945635413
2018-07-17,-0.0005120288121334348
2018-07-18,0.00029917317199598415
2018-07-19,-0.003625303558112355
2018-07-20,0.001708667743824179
2018-07-23,-0.00034347945666214543
2018-07-24,0.0022085325505078264
2018-07-25,-0.0004303591203649058
2018-07-26,-0.0028331875419676314
2018-07-27,0.0015486027510808317
2018-07-30,-0.003023700989728049
2018-07-31,0.0010621596858739184
2018-08-01,0.00121980159280148
2018-08-02,-0.00447519859444394
2018-08-03,-0.0004307219152362905
2018-08-06,-0.0012192297752322476
2018-08-07,-0.0038025422795247383
2018-08-08,0.001919293499040649
2018-08-09,0.0017933014650993702
2018-08-10,0.0006273288000190769
2018-08-13,-0.0003139143630054494
2018-08-14,0.0006572937805270895
2018-08-15,-0.0011651059280133862
2018-08-16,0.00015179971735660886
2018-08-17,-0.0007645571042975255
2018-08-20,0.0008144486736312404
2018-08-21,-0.001719629894053744
2018-08-22,-0.0003348340988344494
2018-08-23,-0.0012768385999830008
2018-08-24,9.06876471075411e-05
2018-08-27,0.00042481624660124665
2018-08-28,-0.00036761695809327965
2018-08-29,0.0020005157978476643
2018-08-30,0.0008294190547289728
2018-08-31,-0.0018057850553498472
2018-09-04,6.244954960203127e-05
2018-09-05,-0.0024321198045780708
2018-09-06,0.003221065701062384
2018-09-07,-0.0011045553379316184
2018-09-10,-0.005284153865137733
2018-09-11,0.0025912208594768274
2018-09-12,-0.000915447528860282
2018-09-13,0.0011746292487204938
2018-09-14,-0.0011217185929594412
2018-09-17,-0.0005573118496555869
2018-09-18,-0.00010219433586677552
2018-09-19,-0.00030427490152849177
2018-09-20,-0.0015090064905428746
2018-09-21,0.0001092130666276661
2018-09-24,-0.0007190382786099099
2018-09-25,0.0011467903805503989
2018-09-26,-0.0007166233809841659
2018-09-27,-0.0003711687684346655
2018-09-28,0.004006606785692769
2018-10-01,-0.0006944228957682799
2018-10-02,0.0002552599839085849
2018-10-03,0.0007652416065928546
2018-10-04,-0.0007259228208855957
2018-10-05,0.0032962173116285105
2018-10-08,-0.00021331534365913744
2018-10-09,-0.0006333097188370654
2018-10-10,0.00042305220123042966
2018-10-11,-0.0027680840629021202
2018-10-12,0.0009052985694467411
2018-10-15,-0.003803575541771953
2018-10-16,0.0008439046123716815
2018-10-17,0.002931401899847266
2018-10-18,-1.052188425018856e-05
2018-10-19,0.0006672399001336522
2018-10-22,-0.0028276912959526203
2018-10-23,-0.0034804734586610605
2018-10-24,0.002942603847703722
2018-10-25,0.003261506556695455
2018-10-26,-0.001814793691336292
2018-10-29,-0.0011551213526509857
2018-10-30,-0.004111744976727556
2018-10-31,0.0014773490843504003
2018-11-01,-0.0028459883200865977
2018-11-02,0.002012441000377462
2018-11-05,0.003053420972735412
2018-11-06,-0.00031967870171960663
2018-11-07,0.003440709489600261
2018-11-08,0.0014381172836802998
2018-11-09,-0.00039689693409809357
2018-11-12,0.002031420072674552
2018-11-13,-0.001399409114345983
2018-11-14,-0.0033759086100311323
2018-11-15,-0.0019551781199463095
2018-11-16,-0.0003387157185904132
2018-11-19,0.0004965076697476186
2018-11-20,0.000968855071583338
2018-11-21,0.0008515508441840755
2018-11-23,6.462175020836444e-05
2018-11-26,0.00023516458268429177
2018-11-27,-0.0005176020630105274
2018-11-28,0.003733616236643376
2018-11-29,9.98922707351171e-05
2018-11-30,0.00028860046593854027
2018-12-03,-0.0016145509691805732
2018-12-04,0.00031626797040748886
2018-12-06,-0.0004047428280676307
2018-12-07,-8.784818339948965e-05
2018-12-10,-0.0014874163560232494
2018-12-11,-0.0007045285831492164
2018-12-12,0.00037456147199608017
2018-12-13,-0.00018324901484614002
2018-12-14,-0.0014114127021000642
2018-12-17,0.0015309162310151905
2018-12-18,0.002703432120069561
2018-12-19,0.0027866378984346372
2018-12-20,-0.0005911100294332535
2018-12-21,-0.0001562788408576326
2018-12-24,0.0005983185463484874
2018-12-26,-0.0002574001335028249
2018-12-27,0.0023049415254853866
2018-12-28,-0.0018227862568867103
2018-12-31,0.0015011271157491226
2019-01-02,-0.0005517000487678758
2019-01-03,0.0036938497712224426
2019-01-04,-0.0023041498666368744
2019-01-07,-0.0005062396329858849
2019-01-08,0.0004954953196932955
2019-01-09,0.000332450943142122
2019-01-10,0.00045026558646886207
2019-01-11,-0.0003629021538629171
2019-01-14,-0.0009991102759875413
2019-01-15,0.0014462270424658614
2019-01-16,0.0018993037551204865
2019-01-17,-0.00238494033504171
2019-01-18,0.001659495302742415
2019-01-22,0.001244130609129993
2019-01-23,-0.003371334333178708
2019-01-24,-0.0018898798148233008
2019-01-25,-0.0004419461942501079
2019-01-28,0.001439438738907975
2019-01-29,0.00044812297081200274
2019-01-30,-0.0010531422499942401
2019-01-31,-0.0035336828242857775
2019-02-01,-0.0008608419519733319
2019-02-04,0.0004377665979028342
2019-02-05,-0.0003597710892374305
2019-02-06,-0.0009387659027708952
2019-02-07,0.0011334524474729537
2019-02-08,-0.0020006137967589783
2019-02-11,-0.000920564726604887
2019-02-12,0.0018829311923710945
2019-02-13,-0.0008671623138953678
2019-02-14,-0.0011764677059207455
2019-02-15,0.0011586580270989014
2019-02-19,-0.000772987442439386
2019-02-20,4.359403929276403e-05
2019-02-21,0.0017620706084177512
2019-02-22,0.0002963078690460586
2019-02-25,0.0006287592244891104
2019-02-26,0.00034457033907155446
2019-02-27,-0.00011438802752846297
2019-02-28,0.0006786334836470691
2019-03-01,0.001108984757679789
2019-03-04,-0.0010937799915728536
2019-03-05,0.0009406335677302164
2019-03-06,0.0015862022003478571
2019-03-07,-0.001210961482781806
2019-03-08,-0.0020575703281831173
2019-03-11,7.26683805827608e-05
2019-03-12,0.0008764483435498308
2019-03-13,-0.0006450102770820876
2019-03-14,0.00023233679869428354
2019-03-15,-2.3494644990487346e-05
2019-03-18,0.001005790949719822
2019-03-19,0.00016016043305029122
2019-03-20,0.003489610623471153
2019-03-21,-0.0007206605807098238
2019-03-22,0.002089048425344288
2019-03-25,0.0031713631487959
2019-03-26,-0.0009542213392575235
2019-03-27,-0.001687790661895872
2019-03-28,9.998858472942156e-05
2019-03-29,0.00024416086738646625
2019-04-01,-0.00026210048353757465
2019-04-02,0.0002017483096822167
2019-04-03,-0.0003490138238938326
2019-04-04,0.0001024181242364872
2019-04-05,-0.00015696596691315727
2019-04-08,6.999885218315917e-05
2019-04-09,-0.00044638799176045427
2019-04-10,-0.0012026523025956586
2019-04-11,0.002121582048792808
2019-04-12,-0.0022636833362702268
2019-04-15,-0.00021334906608811916
2019-04-16,0.0037677332295636325
2019-04-17,0.002929193458223333
2019-04-18,-9.031209134370103e-05
2019-04-22,0.002330044442027283
2019-04-23,0.0015665266902676282
2019-04-24,-0.001235708619342152
2019-04-25,0.0006626276851159218
2019-04-26,0.003909757413287266
2019-04-29,-0.0016479917833636436
2019-04-30,0.0038904488158571305
2019-05-01,-0.0013772022501019486
2019-05-02,-0.0004489076452390003
2019-05-03,-0.0006397359079850376
2019-05-06,-0.0003293099573585709
2019-05-07,0.0012076956832644502
2019-05-08,-3.992904514397729e-05
2019-05-09,0.0004972630926773978
2019-05-10,0.0018053054493619893
2019-05-13,0.002197119265729282
2019-05-14,-0.0008991614986016591
2019-05-15,0.002067388796601793
2019-05-16,0.005204402555144376
2019-05-17,0.0007013034526169159
2019-05-20,0.002090942439138856
2019-05-21,-0.001743067668254156
2019-05-22,0.003933107143344247
2019-05-23,9.667591955350069e-05
2019-05-24,0.002747173054386999
2019-05-28,0.002611700016196714
2019-05-29,-8.068201809063902e-05
2019-05-30,0.002003790665468114
2019-05-31,0.0020021529759552213
2019-06-03,0.0004927913858101301
2019-06-04,-0.0026705972387873677
2019-06-05,0.004036614947970923
2019-06-06,0.0005179144157297816
2019-06-07,0.0008333735387171066
2019-06-10,-0.0026349107358730065
2019-06-11,-0.002494706686585992
2019-06-12,0.0036186149277724765
2019-06-13,-0.004237845565612299
2019-06-14,0.00018697213809557923
2019-06-17,-0.0015240544837284056
2019-06-18,-0.0005306549223247887
2019-06-19,0.0027836843247200324
2019-06-20,-0.00042310286632425627
2019-06-21,-0.0016540280264565961
2019-06-24,0.0017569851222606595
2019-06-25,0.001201176637050509
2019-06-26,-0.0035825799669025778
2019-06-27,-0.0007592010851211632
2019-06-28,-0.00239369708105587
2019-07-01,0.0007720449756387552
2019-07-02,0.002595193668315127
2019-07-03,0.0005365013604483039
2019-07-05,-0.00030466095583670606
2019-07-08,0.001338496062149043
2019-07-09,0.0008027793908699971
2019-07-10,0.0008729265672715929
2019-07-11,-0.0031292560829522397
2019-07-12,-0.003137188897428865
2019-07-15,-0.00038767065228025054
2019-07-16,0.001319640704891595
2019-07-17,-0.0007849323503276684
2019-07-18,-0.002558933649693707
2019-07-19,-0.0028114808487766717
2019-07-22,-0.0005747489155438335
2019-07-23,0.00021864773749389517
2019-07-24,-0.002373579353805714
2019-07-25,0.0033775772637095886
2019-07-26,-0.00013915599866073879
2019-07-29,-0.001052724698905056
2019-07-30,-0.002705345367075422
2019-07-31,-0.0018744556899262833
2019-08-01,0.003964384128260299
2019-08-02,-1.401309070540988e-05
2019-08-05,-0.00075606862238662
2019-08-06,0.0035778210020772972
2019-08-07,0.0015447898977034935
2019-08-08,0.0029402784737405474
2019-08-09,0.0008785646755827033
2019-08-12,0.0002593416343654954
2019-08-13,-0.0018246127641056839
2019-08-14,0.001991762645564207
2019-08-15,0.0005682555713182071
2019-08-16,-0.002266036125552318
2019-08-19,-0.0011362315692280281
2019-08-20,-0.00012102821274813039
2019-08-21,-0.0004023894984141234
2019-08-22,-0.0003708127620291467
2019-08-23,0.0016411100851489008
2019-08-26,0.0025169123091157235
2019-08-27,0.0022181982768872564
2019-08-28,-0.0019159978537694438
2019-08-29,-0.0012306114886597632
2019-08-30,-0.0015577309912661562
2019-09-03,0.0032678370414733126
2019-09-04,-0.0007742691076970031
2019-09-05,-0.002746815237012174
2019-09-06,-0.00032663879678940293
2019-09-09,-0.005234985133038107
2019-09-10,-0.006175127903411434
2019-09-11,-0.0019197377163700372
2019-09-12,0.0031959444581295413
2019-09-13,0.0006003042949557265
2019-09-16,-0.0004819086596778774
2019-09-17,0.0011229983801833204
2019-09-18,0.0005802827412254191
2019-09-19,0.0017380345214625735
2019-09-20,0.0007478056443554804
2019-09-23,-0.0010516138996452538
2019-09-24,0.0014971380210401942
2019-09-25,-0.003000878709824188
2019-09-26,-3.3093724169161105e-06
2019-09-27,-0.0007936019750442658
2019-09-30,-0.0002976462829225169
2019-10-01,0.0010093327991190372
2019-10-02,-0.00234713290496481
2019-10-03,0.0015795999293965984
2019-10-04,0.00073638511478302
2019-10-07,-0.0011832639279902198
2019-10-08,-0.00016476318250722652
2019-10-09,-0.0008760736830757986
2019-10-10,-0.002689448963112186
2019-10-11,-0.001470759866482406
2019-10-14,6.168820157725904e-05
2019-10-15,-0.00425561932797426
2019-10-16,-0.001361528126506421
2019-10-17,0.0002938334960894036
2019-10-18,-0.0009179656406280513
2019-10-21,0.0006026761304822008
2019-10-22,-0.003481022779162247
2019-10-23,-0.00011847088647075873
2019-10-24,-0.0016375904135918664
2019-10-25,-0.00441975136755834
2019-10-28,-5.798710311373543e-05
2019-10-29,0.00119802066175797
2019-10-30,0.0029268199082775914
2019-10-31,0.0009272135445543831
2019-11-01,-0.0048518032342445136
2019-11-04,-0.0063769361440964446
2019-11-05,-0.001659421892591812
2019-11-06,0.0013622768086216873
2019-11-07,-0.004324910402558234
2019-11-08,-0.0018776330410769752
2019-11-11,9.42691313334361e-06
2019-11-12,-0.0004231271397301741
2019-11-13,0.0014996043727080338
2019-11-14,-0.0012656513884740732
2019-11-15,-0.0002570475389416691
2019-11-18,0.0005246349219385253
2019-11-19,0.004467425279452968
2019-11-20,0.00023263930990767445
2019-11-21,-0.002220643219393137
2019-11-22,0.002219743611817356
2019-11-25,-0.0015457117972880548
2019-11-26,0.003591144255996992
2019-11-27,0.0013327201491910676
2019-11-29,0.0003108215872119037
2019-12-02,0.0003847624141096382
2019-12-03,0.0025585213831512653
2019-12-04,-0.0003293843339338159
2019-12-05,0.0007278658145605448
2019-12-06,-0.0018811537609856948
2019-12-09,-0.0011539729344234853
2019-12-10,-0.0013120887891126967
2019-12-11,-0.001521506323864908
2019-12-12,0.0008769560195741582
2019-12-13,0.0030899561498824706
2019-12-16,-0.0021165431124051154
2019-12-17,0.0011128339786841547
2019-12-18,-0.0010503513888496514
2019-12-19,0.0010709464056017784
2019-12-20,0.0015610160454932755
2019-12-23,-0.0012881446110285947
2019-12-24,0.001103725022934889
2019-12-26,0.0010499471720857708
2019-12-27,0.00114992330827968
2019-12-30,0.0021624161391209764
2019-12-31,-0.0004744002792116024
2020-01-02,0.0006219584853088632
2020-01-03,0.00013232845577535284
2020-01-06,-0.000964217416899338
2020-01-07,-0.000971622660392622
2020-01-08,-0.0011126591506666066
2020-01-09,0.002808969041065558
2020-01-10,-0.0004481394014900052
2020-01-13,-2.2813276453871927e-05
2020-01-14,0.00016342558189329405
2020-01-15,0.001806162591907665
2020-01-16,0.0015334438633797737
2020-01-17,0.0023876247806029973
2020-01-21,5.190978735982197e-05
2020-01-22,0.0009380561504197574
2020-01-23,-0.0009234177535346867
2020-01-24,-0.0006780941308861982
2020-01-27,0.002127267651803213
2020-01-28,0.0010116075101528304
2020-01-29,4.185961483980667e-05
2020-01-30,0.0025234706677148065
2020-01-31,-0.0008872837451607611
2020-02-03,-0.004149642576908249
2020-02-04,-0.0010088391295678596
2020-02-05,-0.0001944645081002074
2020-02-06,-0.00025840606051019677
2020-02-07,-0.0017372775255057884
2020-02-10,0.0008311254981821053
2020-02-11,-0.0017067396212492062
2020-02-12,0.0005510738508262437
2020-02-13,0.0003913992783914937
2020-02-14,0.002940808364198422
2020-02-18,-0.0014732485473572907
2020-02-19,-0.0014283146275010543
2020-02-20,3.6572934757948964e-05
2020-02-21,-0.000644598324595237
2020-02-24,0.001238341744752962
2020-02-25,0.0011224236378307695
2020-02-26,0.00021822740825256525
2020-02-27,-0.00024394569064656557
2020-02-28,-0.000316405591400597
2020-03-02,0.005596007511150992
2020-03-03,0.00278200146120623
2020-03-04,0.0005270274319258348
2020-03-05,-0.0001957996808606758
2020-03-06,0.0014684201910935661
2020-03-09,0.005397565875124373
2020-03-10,-0.00014419083065337954
2020-03-11,-0.0003713273182096261
2020-03-12,0.0018592125440161681
2020-03-13,0.004147003577442466
2020-03-16,0.003784250074634233
2020-03-17,-0.00377327494794803
2020-03-18,-0.000874568555511201
2020-03-19,0.0027162953411556546
2020-03-20,-0.0042818616612252825
2020-03-23,-0.0008379412114645769
2020-03-24,0.0015916088539291412
2020-03-25,-0.000421980989502594
2020-03-26,-0.002117946011985755
2020-03-27,0.0018407640578367206
2020-03-30,-0.0019391658174857972
2020-03-31,-0.003803237581800517
2020-04-01,-0.0005587875667982766
2020-04-02,-0.0017825742803467292
2020-04-03,0.0017235045938317397
2020-04-06,0.006637662078231791
2020-04-07,-0.0032477903887796356
2020-04-08,-0.0051228697249331425
2020-04-09,-0.0004011112429012374
2020-04-13,0.00018471816505630437
2020-04-14,0.007810836067841265
2020-04-15,-0.0012399922273209423
2020-04-16,0.00261135286792604
2020-04-17,-0.003772624832508251
2020-04-20,-0.0016233094367428817
2020-04-21,-0.0005604568474329835
2020-04-22,0.005576893863475367
2020-04-23,-0.007280290985359155
2020-04-24,0.00241417297883964
2020-04-27,0.0006456477541566009
2020-04-28,-0.0011321118717738886
2020-04-29,-0.002453275286381321
2020-04-30,-0.0016490286570351768
2020-05-01,0.0016456222726134273
2020-05-04,1.8378643088930085e-05
2020-05-05,0.00106647195187822
2020-05-06,0.0005912452154712619
2020-05-07,0.0005007164311664016
2020-05-08,1.0065205198430026e-05
2020-05-11,0.00042112452247930764
2020-05-12,0.0002680796580754063
2020-05-13,0.003370991892081307
2020-05-14,-0.0014905302118582014
2020-05-15,-0.0010236537788902308
2020-05-18,-0.0002658358978260175
2020-05-19,-0.0002730432368716489
2020-05-20,0.00019328209326422747
2020-05-21,-0.0019891781082222245
2020-05-22,0.0015879880112759186
2020-05-26,-0.0035558367494124762
2020-05-27,-0.0012831780982131803
2020-05-28,0.003162806817295434
2020-05-29,0.0029548320345030234
2020-06-01,0.0006958787826140897
2020-06-02,0.0007503954008501645
2020-06-03,-0.0030324236973906086
2020-06-04,-0.002786430721124045
2020-06-05,-0.0018857132154396481
2020-06-08,-0.00204563314094538
2020-06-09,0.002727642510091389
2020-06-10,0.009352760209249422
2020-06-11,0.00466929335454569
2020-06-12,-0.0016254911403744065
2020-06-15,-0.0003308145080464269
2020-06-16,-0.004863593899198763
2020-06-17,0.00402720489961438
2020-06-18,-0.001554102090936056
2020-06-19,-0.0018416789570904497
2020-06-22,0.002292439250344306
2020-06-23,0.0015387933504768414
2020-06-24,0.002068097301108407
2020-06-25,-0.001494356047523253
2020-06-26,0.004583425123736138
2020-06-29,-0.0005062012864014198
2020-06-30,0.003349283283343343
2020-07-01,-0.00259488158900828
2020-07-02,0.0016808741362210502
2020-07-06,0.003193183864239627
2020-07-07,0.002633914335898871
2020-07-08,0.0009224612067779099
2020-07-09,0.005509263852454351
2020-07-10,-0.004139232953601392
2020-07-13,-0.004665908206274896
2020-07-14,0.002363015689466081
2020-07-15,-0.0013352855742429957
2020-07-16,-0.0021262504927942786
2020-07-17,0.005479566620400193
2020-07-20,0.00530871482017418
2020-07-21,-0.00557414999624051
2020-07-22,0.0036338644176369945
2020-07-23,-0.0021826367859557085
2020-07-24,0.0036958517138439327
2020-07-27,0.004501678297895252
2020-07-28,-0.002012992720975431
2020-07-29,-0.003251901536458417
2020-07-30,0.005071817052071885
2020-07-31,0.0003341589747178035
2020-08-03,0.002363172625747853
2020-08-04,-0.0003840081055855884
2020-08-05,-0.0018622566949714325
2020-08-06,0.00043464962488939913
2020-08-07,-0.0026234108192897823
2020-08-10,0.0005728230481045493
2020-08-11,-0.0011650440450882453
2020-08-12,0.0037209564860979393
2020-08-13,0.0011267081329077735
2020-08-14,-0.0007023088776953818
2020-08-17,0.0069262633308794595
2020-08-18,0.0005375902193549139
2020-08-19,0.0002540472418548097
2020-08-20,0.0036529520358105083
2020-08-21,0.004513021192021545
2020-08-24,-0.0029866498252368113
2020-08-25,-0.0006588102683939093
2020-08-26,-0.0024435932766290218
2020-08-27,9.043119560839045e-05
2020-08-28,0.0017908791362220065
2020-08-31,0.003488105379147268
2020-09-01,0.0023172645639212034
2020-09-02,0.0007623880162572027
2020-09-03,-0.006472638404951477
2020-09-04,-0.0010917556493632442
2020-09-08,-0.00310841557634177
2020-09-09,0.006122139681175352
2020-09-10,0.002013652651010106
2020-09-11,0.002134813377930894
2020-09-14,0.005793462821772331
2020-09-15,0.003035072414051241
2020-09-16,-0.003695683449746168
2020-09-17,-0.00013931758176048172
2020-09-18,-0.0006245585629335265
2020-09-21,0.0028654889467193945
2020-09-22,0.0047679049757419385
2020-09-23,0.001023382353980206
2020-09-24,-0.00038012893602792984
2020-09-25,0.0006371610810001289
2020-09-28,0.000653514249448708
2020-09-29,0.0017231235482881625
2020-09-30,0.001535560416465431
2020-10-01,0.002927779423233294
2020-10-02,-0.0035204454737509674
2020-10-05,-0.0014530525254953575
2020-10-06,0.0009890229862576517
2020-10-07,-0.0029347383568933583
2020-10-08,-0.002813127346209921
2020-10-09,0.003250501322541014
2020-10-12,0.0018614798211446808
2020-10-13,0.0017620054761222845
2020-10-14,0.003392470250085898
2020-10-15,8.133574985715759e-05
2020-10-16,0.0001514977549601267
2020-10-19,-0.0005397408753438649
2020-10-20,0.0021859542571520427
2020-10-21,0.0022138072129219357
2020-10-22,-0.004638020094799008
2020-10-23,-0.002203560972156219
2020-10-26,0.000590219115292929
2020-10-27,0.005444025076798143
2020-10-28,-0.000890851344168687
2020-10-29,-0.0033917114084083435
2020-10-30,-0.003877792741103747
2020-11-02,-0.0019431184952114029
2020-11-03,0.004035877602035084
2020-11-04,-0.001762870041946266
2020-11-05,-0.0007375649816855934
2020-11-06,0.0026720745464176416
2020-11-09,-0.01732305051486111
2020-11-10,-0.004302209504036805
2020-11-11,0.005456427381952784
2020-11-12,0.0029946070768348213
2020-11-13,0.00019663783246359247
2020-11-16,-0.004560084445374263
2020-11-17,-0.0001773069277264807
2020-11-18,0.0001319667613158926
2020-11-19,-0.00042330274710878203
2020-11-20,-0.00033447754482494874
2020-11-23,-0.001787951020329458
2020-11-24,-0.006737301297765007
2020-11-25,0.0052618734550417
2020-11-27,0.0001392353440504998
2020-11-30,0.0034798739241055053
2020-12-01,-0.0017103998718495128
2020-12-02,-0.004558626348171436
2020-12-03,0.0013204993445308664
2020-12-04,-0.004449975480552636
2020-12-07,0.002497548122214159
2020-12-08,-0.001219313151369978
2020-12-09,-0.0030464400653529298
2020-12-10,-0.002367662529992092
2020-12-11,-0.0007689628260519752
2020-12-14,0.005548912969268202
2020-12-15,-0.0011324745529662245
2020-12-16,-0.002969847472174865
2020-12-17,0.0028748438780616258
2020-12-18,0.0026300828677021937
2020-12-21,0.00015566657100772423
2020-12-22,0.001687893897794796
2020-12-23,-0.0049147631237385775
2020-12-24,0.0031828297555582894
2020-12-28,0.0009444238752409906
2020-12-29,0.0005093809296990108
2020-12-30,0.001126316204121788
2020-12-31,-0.0006488787280333407
2021-01-04,0.0007317483382286786
2021-01-05,-0.002699114995197887
2021-01-06,-0.0037316262540593144
2021-01-07,0.0015824450367171053
2021-01-08,0.005218182883150912
2021-01-11,-0.005927332660487074
2021-01-12,0.0005853841362590021
2021-01-13,0.00017108731598250516
2021-01-14,-0.006583247763427705
2021-01-15,0.0038126754493371987
2021-01-19,-0.003908598951371153
2021-01-20,-0.0011922450236711212
2021-01-21,0.002026532644447666
2021-01-22,0.004396593206287209
2021-01-25,0.0019292787435169004
2021-01-26,-0.00035550096009222704
2021-01-27,-0.0003035758632804492
2021-01-28,0.0011185317309083242
2021-01-29,-0.0002468576625163911
2021-02-01,0.002186965516632571
2021-02-02,0.0017240542652407285
2021-02-03,-0.005855849383048414
2021-02-04,0.000724848949307303
2021-02-05,-0.0006405719416597459
2021-02-08,-0.00045306262770558874
2021-02-09,-0.0007035730715133301
2021-02-10,-0.0025694541377770633
2021-02-11,0.005132033118228781
2021-02-12,-0.001974328104155317
2021-02-16,-0.0043717643494398314
2021-02-17,-0.0031978985876818617
2021-02-18,0.00040709586930554726
2021-02-19,-0.003654613395256389
2021-02-22,-0.009597992821740009
2021-02-23,-0.003620386005701019
2021-02-24,-0.002437385868321653
2021-02-25,-0.0034659006534498997
2021-02-26,0.005282202377748481
2021-03-01,0.001650642095838569
2021-03-02,-0.0011116921001894152
2021-03-03,-0.006090311968786461
2021-03-04,-0.005679379185900741
2021-03-05,-0.003514999636588571
2021-03-08,-0.0037297957514524694
2021-03-09,0.00923754446803739
2021-03-10,-0.0014216908444780107
2021-03-11,0.005687890873260843
2021-03-12,-0.002022185242764579
2021-03-15,0.005224507848171712
2021-03-16,0.0004137176528249748
2021-03-17,-0.0008176915649857852
2021-03-18,-0.003347790817563439
2021-03-19,-4.944200739382568e-05
2021-03-22,0.004085111650382562
2021-03-23,0.0034227727175173703
2021-03-24,-0.0010570777712183175
2021-03-25,-0.0005309080475259982
2021-03-26,0.0013077152400897353
2021-03-29,0.00025271731998504943
2021-03-30,-0.0014075236618046
2021-03-31,0.0028567406435304624
2021-04-01,-0.0020569195422225567
2021-04-05,0.0033270882184881457
2021-04-06,0.0019761878072025655
2021-04-07,-0.0018816636185020003
2021-04-08,0.0011556557695601949
2021-04-09,-0.001411162543594236
2021-04-12,0.0030698874989556154
2021-04-13,0.005049358931237364
2021-04-14,-0.0030318077872723208
2021-04-15,0.002904709727178175
2021-04-16,-0.00037955207605190567
2021-04-19,-0.0017199908556079335
2021-04-20,-0.0019381302156556294
2021-04-21,0.0008124927918833465
2021-04-22,0.0011236574293386576
2021-04-23,-3.632673451988137e-05
2021-04-26,-0.0010017411001859212
2021-04-27,-0.0031800009596339458
2021-04-28,-0.004775192957077392
2021-04-29,-0.003162068959787211
2021-04-30,0.003317563392293946
2021-05-03,-0.002980030975108314
2021-05-04,-0.0014457614236353508
2021-05-05,-0.003186783962056479
2021-05-06,0.0009549869296143412
2021-05-07,0.001252608842462867
2021-05-10,0.00029295408733792655
2021-05-11,0.000917705597882453
2021-05-12,-0.00460486247634624
2021-05-13,0.0010723038468182866
2021-05-14,-0.0015785773753888874
2021-05-17,-0.005064168431892184
2021-05-18,0.0017089496825601087
2021-05-19,-0.0010793096099967617
2021-05-20,0.0019827253697440542
2021-05-21,-0.001066464762348669
2021-05-24,-0.00047337672456438897
2021-05-25,0.0020583776901252223
2021-05-26,0.00036664958286484496
2021-05-27,0.0013259067561276429
2021-05-28,-0.0019159463190140406
2021-06-01,-0.002290990324324963
2021-06-02,-0.00043207893774516626
2021-06-03,-0.00037783371961151236
2021-06-04,-0.0005498457676744897
2021-06-07,-0.0003824563872087779
2021-06-08,-0.0002576699337245252
2021-06-09,-0.00043395095220219036
2021-06-10,0.00011590792065794695
2021-06-11,0.0011838935248777759
2021-06-14,-0.0038458636183160886
2021-06-15,-0.0007436297541827424
2021-06-16,0.0011511988304081597
2021-06-17,-0.004426566998828394
2021-06-18,5.81302841149569e-05
2021-06-21,0.0015756988524541552
2021-06-22,-0.0006360130286273153
2021-06-23,0.0015779154088364099
2021-06-24,-0.0004961099558003053
2021-06-25,0.005660092158703462
2021-06-28,-0.002676024408606048
2021-06-29,-0.000996851360971595
2021-06-30,0.0012852640445348662
2021-07-01,-0.000938462665583712
2021-07-02,-0.0009814307031983628
2021-07-06,-0.0033009665652764027
2021-07-07,0.0011429382323340813
2021-07-08,-0.0015064903563647327
2021-07-09,0.002570787016276502
2021-07-12,0.0008702636876808837
2021-07-13,3.089321053214972e-05
2021-07-14,0.00304912573150618
2021-07-15,0.004185858952070719
2021-07-16,9.30912176348226e-05
2021-07-19,-0.0036861169363404537
2021-07-20,0.0020968891171145557
2021-07-21,-0.0008540158499234407
2021-07-22,-0.003945308270807657
2021-07-23,0.001771448844077595
2021-07-26,0.0002175123339906112
2021-07-27,-0.0005394247533787138
2021-07-28,-0.00531274079081767
2021-07-29,0.0012549921566935489
2021-07-30,0.0019170747151861227
2021-08-02,-0.001982892010862181
2021-08-03,-0.002714003658500494
2021-08-04,-0.004532971661942669
2021-08-05,0.002637952768103748
2021-08-06,0.0025259414812197067
2021-08-09,0.00023826220542803845
2021-08-10,0.0007329867207376323
2021-08-11,0.0037877952815602734
2021-08-12,-0.0007288396359812358
2021-08-13,-0.0027122499096233605
2021-08-16,-3.185644238846818e-05
2021-08-17,-0.0032892532506372542
2021-08-18,0.004924631191671954
2021-08-19,-0.0003146786547772586
2021-08-20,-8.748893916447449e-05
2021-08-23,-0.0029767543860927835
2021-08-24,0.0007736348900443894
2021-08-25,0.0006557729828888637
2021-08-26,-0.00035277446038790454
2021-08-27,-0.0003162934637093149
2021-08-30,-0.0016175431422990399
2021-08-31,-2.6523190798800834e-05
2021-09-01,0.0003259250350023035
2021-09-02,-0.0006113762353024653
2021-09-03,-0.0009055075808626257
2021-09-07,0.0010022552877442384
2021-09-08,0.0028665003885831866
2021-09-09,0.0022790595123774893
2021-09-10,-0.0013388785522245998
2021-09-13,0.003765763188863707
2021-09-14,0.0004779657261244861
2021-09-15,-0.0001087157495997691
2021-09-16,-0.0003261417193836444
2021-09-17,-0.0006890239235612522
2021-09-20,-0.00018065404949050285
2021-09-21,-0.0009540057297024768
2021-09-22,0.0013376444814951996
2021-09-23,-0.0005529374757480413
2021-09-24,0.002537538674586435
2021-09-27,0.0009222876971977632
2021-09-28,0.0014922957523412015
2021-09-29,-0.00032300909803624955
2021-09-30,-0.003653228195510573
2021-10-01,0.002081680462120759
2021-10-04,0.0013668257415197166
2021-10-05,0.00018588790108246112
2021-10-06,0.0020133013089520535
2021-10-07,-0.0003288322824341442
2021-10-08,0.0010574483929049077
2021-10-11,0.0006529738488764104
2021-10-12,-0.0006615611860525489
2021-10-13,-0.003912128315808529
2021-10-14,-0.0007444949757721768
2021-10-15,0.002018558856118205
2021-10-18,-0.001169327060432797
2021-10-19,-0.000396602893083519
2021-10-20,-0.00036309455562084296
2021-10-21,0.0009219025258352469
2021-10-22,0.002360631254429991
2021-10-25,0.001792018119914676
2021-10-26,0.0011786624492293844
2021-10-27,0.001056495231400352
2021-10-28,0.0004966833622398495
2021-10-29,-0.0026455134793786986
2021-11-01,-0.0005408753096104306
2021-11-02,-0.0008529789916759705
2021-11-03,-0.0022895097368609164
2021-11-04,-0.0062797426073490595
2021-11-05,0.0023978950096460072
2021-11-08,-0.0034052477799665563
2021-11-09,-0.0005299705509100361
2021-11-10,0.003458814393073953
2021-11-11,-0.0037093475334979233
2021-11-12,-0.0015747742258208127
2021-11-15,0.0007719638963420925
2021-11-16,-0.002417385072427031
2021-11-17,-0.00017051774525638202
2021-11-18,-0.0013602911420114157
2021-11-19,-0.0017491521117510421
2021-11-22,0.005577536960310768
2021-11-23,0.0012360180333207114
2021-11-24,-0.0015452444638322648
2021-11-26,-0.004445847111794451
2021-11-29,-0.0006289034532711435
2021-11-30,0.000352684050748412
2021-12-01,0.006023516985942055
2021-12-02,0.0005383403023160408
2021-12-03,3.151611344242033e-05
2021-12-06,0.0036258371860510455
2021-12-07,-0.0003684084533200017
2021-12-08,-0.001493600857309503
2021-12-09,0.0018862990542176717
2021-12-10,0.007732064412600989
2021-12-13,-0.0009016289605505508
2021-12-14,0.0002224722444373273
2021-12-15,-0.0025101281712722637
2021-12-16,0.004667374053888857
2021-12-17,-0.0003482889955387383
2021-12-20,0.00011051630796603672
2021-12-21,-0.0006108145824291828
2021-12-22,0.002879102246910115
2021-12-23,0.00012123801692885743
2021-12-27,-0.0004037712214231334
2021-12-28,0.0018649559344719288
2021-12-29,0.0009898890983808441
2021-12-30,-0.0008845729162867723
2021-12-31,0.0015198976769344604
2022-01-03,0.0036915611828778807
2022-01-04,0.004805773359068914
2022-01-05,0.0006301919182789647
2022-01-06,0.0007084120366194375
2022-01-07,0.0009103799743258713
2022-01-10,-0.002607148981485337
2022-01-11,-0.0007135608003139302
2022-01-12,7.011179746319674e-05
2022-01-13,0.0018803349693216355
2022-01-14,-0.004546996751932767
2022-01-18,0.0004899584171410086
2022-01-19,0.00037830084419055235
2022-01-20,-0.00040314599903539433
2022-01-21,0.003727649949496834
2022-01-24,0.0006068162252417085
2022-01-25,-7.234960897213541e-05
2022-01-26,0.0030708813652041717
2022-01-27,0.0011351980421939636
2022-01-28,0.0023805058020249284
2022-01-31,-0.002627268137882653
2022-02-01,-0.001612803431156731
2022-02-02,0.003622430821366847
2022-02-03,0.004597683210259241
2022-02-04,-0.001070953950558334
2022-02-07,0.001839391009342166
2022-02-08,0.0023091259699428344
2022-02-09,-0.0003961847950530945
2022-02-10,0.003002101773391548
2022-02-11,0.001785341132027242
2022-02-14,-0.0020105922026442302
2022-02-15,-0.00034618832451784693
2022-02-16,0.0002829060800963687
2022-02-17,0.002358867682353859
2022-02-18,0.003306297451039331
2022-02-22,0.00044030152854547755
2022-02-23,-0.0009101129536317844
2022-02-24,-0.007260010363798762
2022-02-25,0.002044025172826251
2022-02-28,-0.0027014859180936423
2022-03-01,-0.001935074196638332
2022-03-02,0.0018819433600444238
2022-03-03,0.0002707925306929772
2022-03-04,-0.0015192423557875913
2022-03-07,7.604184574282084e-05
2022-03-08,-0.0001709014847823267
2022-03-09,0.0022104551770985646
2022-03-10,-0.0025316063680478483
2022-03-11,0.0028239162815751105
2022-03-14,0.0029310009798149007
2022-03-15,0.0020592738073075077
2022-03-16,-0.0029220432080066627
2022-03-17,-0.0036288520903246997
2022-03-18,-0.0017740792566057605
2022-03-21,0.0015187671942969332
2022-03-22,-0.0012564089021979837
2022-03-23,-9.249345265744974e-05
2022-03-24,0.0018315100862140584
2022-03-25,0.00014821033786078407
2022-03-28,-0.0029559619442976917
2022-03-29,-0.001450582348161836
2022-03-30,-0.000899882379774321
2022-03-31,-0.00035252785675799007
2022-04-01,0.0015708353747287127
2022-04-04,-0.003565569846273579
2022-04-05,0.0023277004586490786
2022-04-06,0.0020162306955467573
2022-04-07,0.0012339487905172297
2022-04-08,0.0010608728380013276
2022-04-11,0.00021596830802716053
2022-04-12,5.099417905386943e-05
2022-04-13,-0.001423556218506685
2022-04-14,-0.003318967640968959
2022-04-18,0.0023255402187459156
2022-04-19,-0.0005888177151050533
2022-04-20,0.01281075768781329
2022-04-21,0.0009318723664970311
2022-04-22,-0.000821920081450101
2022-04-25,0.0009150476109117562
2022-04-26,0.001958253540110802
2022-04-27,-0.00199785933888055
2022-04-28,-0.0014314232135644069
2022-04-29,0.002638271834655783
2022-05-02,-0.0003544482498403855
2022-05-03,0.001100013144032252
2022-05-04,0.002218591333954777
2022-05-05,0.0006035428774984339
2022-05-06,0.0018499184593193196
2022-05-09,0.004241267663375761
2022-05-10,-0.0013461903546001964
2022-05-11,0.00012832724288305356
2022-05-12,-0.005011080404026032
2022-05-13,-0.000981369085008278
2022-05-16,-0.0008424332947661563
2022-05-17,0.0011596597774997362
2022-05-18,-0.005053191118350722
2022-05-19,-0.0032086230067922454
2022-05-20,-0.002512897022715935
2022-05-23,0.003027488803424504
2022-05-24,0.004169472319813813
2022-05-25,-0.0016771936240192883
2022-05-26,0.002243204018365198
2022-05-27,0.0005813415613040263
2022-05-31,-0.002636968779166013
2022-06-01,-0.0026125563161496475
2022-06-02,-0.001868791040220462
2022-06-03,0.0009241725714763653
2022-06-06,-0.000372715383339686
2022-06-07,0.00039564176734695205
2022-06-08,-0.0015966875082273743
2022-06-09,0.00252820919573658
2022-06-10,0.0006991362633952578
2022-06-13,0.003128018513125527
2022-06-14,-0.0012098542498258555
2022-06-15,-0.002120692458525292
2022-06-16,0.0023985243027349486
2022-06-17,0.0008689229569858928
2022-06-21,0.003913973808278122
2022-06-22,-0.0007541495270189912
2022-06-23,-0.00467239564548184
2022-06-24,-0.0006405939800702062
2022-06-27,0.0005053090960937425
2022-06-28,0.002159928883078059
2022-06-29,-0.0017017491818346537
2022-06-30,-0.0006308453826434456
2022-07-01,-0.0028419927374118458
2022-07-05,-0.0022894810503223313
2022-07-06,0.00014203910219702677
2022-07-07,0.0006350973117047019
2022-07-08,0.0021035853120101675
2022-07-11,0.0007895968632853948
2022-07-12,0.001974774391009435
2022-07-13,0.0007181669194285673
2022-07-14,0.0022215118710297507
2022-07-15,-0.0023697024734589817
2022-07-18,0.00019607458190773935
2022-07-19,0.0008104361992529456
2022-07-20,-0.003337670290958388
2022-07-21,-0.0027750290127990657
2022-07-22,0.0007197119866450795
2022-07-25,0.001611060052151881
2022-07-26,0.0032572673624734023
2022-07-27,0.001008175576574299
2022-07-28,0.002619882383953578
2022-07-29,0.0008245201804693239
2022-08-01,3.2107103780694815e-05
2022-08-02,6.803899007714358e-05
2022-08-03,-0.001141626526156818
2022-08-04,-0.0006922119517834015
2022-08-05,0.0006430799498112425
2022-08-08,-0.002498317285341944
2022-08-09,0.0009059967181709927
2022-08-10,-0.0010128211241588233
2022-08-11,-0.0005483920227892132
2022-08-12,0.00035498601283292825
2022-08-15,-0.001533310794597396
2022-08-16,-0.00024988497263182336
2022-08-17,0.0020506512794888675
2022-08-18,0.0037138547184144394
2022-08-19,-0.0006365581336218582
2022-08-22,0.0017162064020353825
2022-08-23,0.0016126888972961043
2022-08-24,-1.2514578731794237e-05
2022-08-25,0.00219559086479263
2022-08-26,-0.0014257102839382917
2022-08-29,0.0001103578186102647
2022-08-30,-0.0009260078334991598
2022-08-31,-0.003022481514160341
2022-09-01,-0.003968755286092138
2022-09-02,0.0011499486662241247
2022-09-06,-0.00024370454473822712
2022-09-07,-2.325811237259968e-05
2022-09-08,0.0008757782691695759
2022-09-09,-0.0023681456804477466
2022-09-12,-0.0007781181319459477
2022-09-13,-0.0009666178259911493
2022-09-14,0.001208489143232183
2022-09-15,0.0027946573127091813
2022-09-16,0.003809054463098765
2022-09-19,-9.283385278542893e-05
2022-09-20,0.001303227180671439
2022-09-21,0.0019473373331132964
2022-09-22,-0.0006039410480586086
2022-09-23,0.0020973781662300037
2022-09-26,0.001117992113060751
2022-09-27,0.0023535251114166836
2022-09-28,0.00020624415024216237
2022-09-29,-0.00047616033846269916
2022-09-30,0.0028790272899320937
2022-10-03,0.0013469218668150566
2022-10-04,0.00032750725709823554
2022-10-05,0.001595315257173482
2022-10-06,0.0025633052692744006
2022-10-07,-0.00047369285795083413
2022-10-10,-0.0014030137430823093
2022-10-11,0.002447582536590508
2022-10-12,-0.0007328774929434273
2022-10-13,0.0008296504673407533
2022-10-14,-0.0023006666862852502
2022-10-17,-0.0018615716906185738
2022-10-18,0.0004238591064445651
2022-10-19,-0.002750269999845279
2022-10-20,0.00023575690538234082
2022-10-21,0.00023557954868983527
2022-10-24,0.00233486762414389
2022-10-25,-0.0003935266734857231
2022-10-26,-0.0046216130088788145
2022-10-27,0.006245563394529317
2022-10-28,0.004084922374882489
2022-10-31,-0.0007217786425983701
2022-11-01,-0.0010206043670986
2022-11-02,0.0040123951666343124
2022-11-03,0.0005315695469946482
2022-11-04,0.0032120452804912506
2022-11-07,0.0018527478359825268
2022-11-08,0.0001341377594800777
2022-11-09,0.0011391164934226059
2022-11-10,-0.0007363510132299633
2022-11-11,-0.003244179116813235
2022-11-14,-0.0017841793411878595
2022-11-15,-0.002055548374276145
2022-11-16,-0.00027011752984998637
2022-11-17,0.004832932349242378
2022-11-18,0.0002763090491222451
2022-11-21,0.0005698103320331566
2022-11-22,0.0011039914397155274
2022-11-23,-9.697709716421701e-05
2022-11-25,-0.000959591625602081
2022-11-28,-0.0016615101834908184
2022-11-29,-0.0008311120957932656
2022-11-30,-0.0004898876253788085
2022-12-01,-0.002960504198003003
2022-12-02,-0.0017176611144680465
2022-12-05,0.001901218693620825
2022-12-06,0.00034584217711573464
2022-12-07,-0.001607831196602023
2022-12-08,0.0001617829113553077
2022-12-09,-0.001912346588080359
2022-12-12,-0.0005475162010226363
2022-12-13,-0.0012050271531221172
2022-12-14,-0.0018975501430127909
2022-12-15,0.0017662918715527847
2022-12-16,-0.001642772815518755
2022-12-19,0.00261302202467901
2022-12-20,-0.0013296506188825966
2022-12-21,-0.0011879850539495912
2022-12-22,-0.003920301381281847
2022-12-23,0.0002943646776302633
2022-12-27,-0.002082434498678689
2022-12-28,0.0018490710959965266
2022-12-29,-0.0010442750745966703
2022-12-30,3.2076807820660756e-05
2023-01-03,-0.008541878610112128
2023-01-04,-0.004341493928618893
2023-01-05,-0.0010075255231007673
2023-01-06,0.001401588905178644
2023-01-09,-0.0006681324043484612
2023-01-10,-0.0017938295258820161
2023-01-11,0.00041633852498382235
2023-01-12,-0.002077273764501898
2023-01-13,0.0012145269082207012
2023-01-17,0.004271021145495035
2023-01-18,-4.851102857466558e-05
2023-01-19,-0.00219873936535096
2023-01-20,-6.912828085051321e-05
2023-01-23,-0.00020097489621663734
2023-01-24,0.001025465588678995
2023-01-25,0.001020047111718753
2023-01-26,0.001491656186756177
2023-01-27,-0.0015279715305725986
2023-01-30,0.00036245365399418974
2023-01-31,0.0007999161319422945
2023-02-01,0.0005659473815435084
2023-02-02,-0.0005491693172623
2023-02-03,0.0016387459971607757
2023-02-06,0.0012873082170703272
2023-02-07,0.004766242365790547
2023-02-08,-0.002651064001331747
2023-02-09,0.0013910883533583478
2023-02-10,0.002477762321787139
2023-02-13,-0.00028215235993157535
2023-02-14,-6.696903660290567e-05
2023-02-15,-0.0008046110160846714
2023-02-16,0.0009054901597779049
2023-02-17,-0.001693934700865379
2023-02-21,0.0030590130368399688
2023-02-22,0.00021606573852203428
2023-02-23,0.004282612959171602
2023-02-24,0.0021764435905996422
2023-02-27,-0.0019873924905075527
2023-02-28,8.286639432846685e-05
2023-03-01,0.0018192952800939104
2023-03-02,-0.001971478536767334
2023-03-03,-0.0011762145756106517
2023-03-06,0.0015756794420869835
2023-03-07,0.00035567337285123825
2023-03-08,0.0011620921981163423
2023-03-09,-0.0008480831948160546
2023-03-10,-0.0001652823092317449
2023-03-13,-0.0016870229418252361
2023-03-14,-0.0005392898207967564
2023-03-15,-0.0013330810878736008
2023-03-16,-3.4682002276979296e-05
2023-03-17,0.0006121871937011955
2023-03-20,0.0012196211818627776
2023-03-21,-0.000479405600995415
2023-03-22,0.0003069992969834129
2023-03-23,0.0031609250910996887
2023-03-24,0.0004897349836270711
2023-03-27,-0.0031499396388452753
2023-03-28,-0.0007023665591604188
2023-03-29,-0.0017475004154075776
2023-03-30,-0.000308570038282853
2023-03-31,-0.00252630204582025
2023-04-03,0.004408252667604279
2023-04-04,-0.0009878725034583352
2023-04-05,-0.00033413660932408144
2023-04-06,0.00019632775362935566
2023-04-10,0.0014567470384021463
2023-04-11,-0.00023763197732026248
2023-04-12,0.001291855637946516
2023-04-13,0.0012593036892771434
2023-04-14,-0.002296435085451079
2023-04-17,-0.003614216011186536
2023-04-18,0.0009866260991881644
2023-04-19,-0.0009010738830835208
2023-04-20,0.0055433980433229136
2023-04-21,-0.0010866696535154097
2023-04-24,0.0018505385763414584
2023-04-25,0.004738548535019944
2023-04-26,0.003322345132681589
2023-04-27,-0.005962640518016053
2023-04-28,-0.0001392948737292564
2023-05-01,0.00020299490498468814
2023-05-02,-0.0005141285293813668
2023-05-03,-0.0004997118496269468
2023-05-04,0.0028054266157057054
2023-05-05,0.0016762267797972865
2023-05-08,0.001899237315263605
2023-05-09,-0.0002427913903037198
2023-05-10,0.0012793566720732384
2023-05-11,0.0021019803031319456
2023-05-12,0.0019105270431474585
2023-05-15,-0.0013609775784009955
2023-05-16,0.0005698120148059755
2023-05-17,-0.0024149751932483286
2023-05-18,0.0035297665976255044
2023-05-19,-0.0009447246201866852
2023-05-22,-0.005541259922356889
2023-05-23,-0.0010358955104146199
2023-05-24,0.0018633719838915485
2023-05-25,0.0082674300516054
2023-05-26,0.0013262530602005584
2023-05-30,0.0008510883756945681
2023-05-31,-0.0018307910551084662
2023-06-01,0.002620019041262695
2023-06-02,-0.0023469148256261597
2023-06-05,1.8718820523033733e-06
2023-06-06,-0.0025556354742773753
2023-06-07,-0.004433145813852295
2023-06-08,-0.001508510540866246
2023-06-09,-0.000403303353666612
2023-06-12,-0.004401381916840612
2023-06-13,-0.000918001738613627
2023-06-14,0.0005254070770996256
2023-06-15,-0.00047100663150796115
2023-06-16,-0.000729296728046139
2023-06-20,0.0021979608338192767
2023-06-21,0.0024520997369800114
2023-06-22,0.0035087406031387913
2023-06-23,0.0006127449816428482
2023-06-26,-6.912025685009969e-05
2023-06-27,0.001460646372957671
2023-06-28,0.00030143516221784735
2023-06-29,-0.0016141973285149181
2023-06-30,0.00010535322367859201
2023-07-03,-0.004009792238404361
2023-07-05,0.002438040760009864
2023-07-06,0.0007609385613680001
2023-07-07,-0.0013397097553699755
2023-07-10,-0.00036792031534886333
2023-07-11,-0.0005673046233386594
2023-07-12,0.0009888505757659786
2023-07-13,0.0007042390220724543
2023-07-14,-0.000277182215102009
2023-07-17,-0.00020269874808680433
2023-07-18,-0.001715857084263477
2023-07-19,0.00012304769291107375
2023-07-20,-0.0008406620659629898
2023-07-21,-0.003320727691361345
2023-07-24,2.432982138939733e-05
2023-07-25,0.001942775043248165
2023-07-26,-0.0017938934775407944
2023-07-27,0.00017780281288626098
2023-07-28,-0.0011105568237210022
2023-07-31,0.001701638409200031
2023-08-01,0.0009850324967872362
2023-08-02,0.00011272961417633217
2023-08-03,-0.00017712829095489513
2023-08-04,-0.0023165495009490568
2023-08-07,0.0007350842993989164
2023-08-08,0.002318897371861982
2023-08-09,0.000195577832765573
2023-08-10,-0.0011973848588195907
2023-08-11,-0.00028403490196044927
2023-08-14,0.0011866174015323753
2023-08-15,0.0019792669648587714
2023-08-16,0.0019334691672472076
2023-08-17,-0.0007664365897765248
2023-08-18,0.0014787998692258723
2023-08-21,0.0011777844122443871
2023-08-22,0.0005248569887156559
2023-08-23,0.0007615689190660054
2023-08-24,0.0004899973600431401
2023-08-25,-0.00013950855903096648
2023-08-28,0.0008195840981517617
2023-08-29,0.0005405790012619064
2023-08-30,0.0016641685433648901
2023-08-31,0.0020906870754305476
2023-09-01,-0.0002451889667379728
2023-09-05,0.0012353431360614174
2023-09-06,0.002334973571586911
2023-09-07,-0.0025897197022976656
2023-09-08,0.0005118576830090125
2023-09-11,-0.0030736004408026857
2023-09-12,-0.004259413448539301
2023-09-13,-0.0024283017852688954
2023-09-14,-0.000949582930233834
2023-09-15,-0.00019385248357677002
2023-09-18,0.0008281788261815064
2023-09-19,0.0018266952498291636
2023-09-20,-0.0012515166497311559
2023-09-21,-0.0009819615107953719
2023-09-22,0.003365748932895322
2023-09-25,-0.0008799017757257568
2023-09-26,0.0011507305638095273
2023-09-27,0.0013839228635161632
2023-09-28,0.0008718649909435732
2023-09-29,-0.000878730103293415
2023-10-02,0.00284964108409663
2023-10-03,-4.8245755887932856e-05
2023-10-04,-6.227233450116433e-05
2023-10-05,-0.00295158546967009
2023-10-06,-0.0013623918892172627
2023-10-09,0.00045388756698294317
2023-10-10,-0.0017073868646575363
2023-10-11,-0.002523036959430412
2023-10-12,0.0005838824748656794
2023-10-13,-0.0002369148914039633
2023-10-16,2.0701087782529794e-05
2023-10-17,-0.000979937377610567
2023-10-18,0.003635015855593227
2023-10-19,0.005888764378834902
2023-10-20,-0.000386755517844592
2023-10-23,0.0033987577336718395
2023-10-24,-0.0005717479709871041
2023-10-25,0.0017898692251808782
2023-10-26,-0.0011856256975809616
2023-10-27,0.0005935114960139593
2023-10-30,0.0011113551295582405
2023-10-31,-0.002491210802063687
2023-11-01,0.0005952968869898911
2023-11-02,-0.0013508975039598816
2023-11-03,-0.001837151576913572
2023-11-06,0.00043768188812770206
2023-11-07,0.00039769411212436397
2023-11-08,0.0013889106373073752
2023-11-09,0.002449233765526594
2023-11-10,0.0023063132426953165
2023-11-13,0.00039338722597635436
2023-11-14,-0.002646924270755684
2023-11-15,-0.003969944448403292
2023-11-16,-0.004577922375871241
2023-11-17,-0.0005851432874122428
2023-11-20,0.0010517915348971292
2023-11-21,-0.00034823221556435827
2023-11-22,-0.0007301355489698298
2023-11-24,-0.0011130190675494654
2023-11-27,0.000736485462620286
2023-11-28,0.0008488441232772725
2023-11-29,-0.002794691173730453
2023-11-30,0.00011830343898659196
2023-12-01,0.0014410670836004296
2023-12-04,-0.0008256386856685934
2023-12-05,0.0020634204294015064
2023-12-06,-0.0025361142939483846
2023-12-07,-0.001061864015303733
2023-12-08,0.0005100979676453373
2023-12-11,0.0032673706512848905
2023-12-12,0.0007953977205756037
2023-12-13,-0.0010636236893708368
2023-12-14,-0.007282043680645486
2023-12-15,0.0014507344988464472
2023-12-18,0.004774277648602163
2023-12-19,-0.0015865487987920496
2023-12-20,0.001579204868381358
2023-12-21,-0.002326976076251256
2023-12-22,-0.002186675410000826
2023-12-26,-0.0013240690405987578
2023-12-27,-0.0008824477020616793
2023-12-28,-0.00013993899331137793
2023-12-29,0.0005629528112245598
2024-01-02,-0.0038313916439191467
2024-01-03,0.0005596591182135555
2024-01-04,-0.0005175256328312163
2024-01-05,-0.0009333223714258138
2024-01-08,0.0007631379513782737
2024-01-09,0.0009073688865221309
2024-01-10,0.0024625580538567456
2024-01-11,0.0025799949677392012
2024-01-12,0.003437059410477938
2024-01-16,-0.00044080376420767
2024-01-17,0.0017956522438103287
2024-01-18,0.0025905667999723218
2024-01-19,0.0006264753696516642
2024-01-22,-0.0012295969213485633
2024-01-23,-0.0001060688749727599
2024-01-24,0.003520361508652368
2024-01-25,0.001705300401307926
2024-01-26,6.88832733582942e-05
2024-01-29,0.0009431114102625115
2024-01-30,0.002884271352085145
2024-01-31,-0.0012862474608732529
2024-02-01,0.003125445445054237
2024-02-02,0.005794376910701026
2024-02-05,0.0008907241781515254
2024-02-06,-0.0020750553311850595
2024-02-07,0.0022479100705335
2024-02-08,-0.00034583214615137086
2024-02-09,-3.974620742856899e-05
2024-02-12,-0.003908728373703924
2024-02-13,0.001663758095146826
2024-02-14,-0.003085301041279352
2024-02-15,-0.001022288250034425
2024-02-16,-0.00016541168382420068
2024-02-20,0.00021469033806003365
2024-02-21,-0.00032323625530525856
2024-02-22,0.003734732094066012
2024-02-23,-0.000669484498034057
2024-02-26,0.001973529201912093
2024-02-27,-0.0023027488260762225
2024-02-28,0.001644125397333231
2024-02-29,-0.0030342250994856816
2024-03-01,0.0007240041060546136
2024-03-04,-0.001691010656228981
2024-03-05,-0.0006472191210215616
2024-03-06,-0.0012886837714922363
2024-03-07,8.67323243569468e-05
2024-03-08,-0.003605375956491736
2024-03-11,-0.001380720214095594
2024-03-12,0.003680073379954295
2024-03-13,-0.0008841593613347715
2024-03-14,0.0016428392757183452
2024-03-15,-0.0031819267761392517
2024-03-18,0.0027641256876693478
2024-03-19,0.0018355109059256163
2024-03-20,0.0014340196503924096
2024-03-21,0.0009347038725072696
2024-03-22,0.0009089200576574527
2024-03-25,0.00019174744322133486
2024-03-26,0.0009231434781513627
2024-03-27,-0.0030109056007785935
2024-03-28,-0.0021393333042490003
2024-04-01,0.00031355322276592723
2024-04-02,0.0008303610115620089
2024-04-03,0.0036543307994382243
2024-04-04,0.0035624753935038452
2024-04-05,0.00037515922682324055
2024-04-08,-0.00025779538976245073
2024-04-09,-0.0013120149030449917
2024-04-10,0.004099738769446721
2024-04-11,0.0014155641585601945
2024-04-12,0.0021407499391133088
2024-04-15,-0.001878177756716239
2024-04-16,0.0012922665223792232
2024-04-17,-0.0016944438766423125
2024-04-18,-0.0003085453099400791
2024-04-19,-0.0055045351258439955
2024-04-22,0.001676241345571576
2024-04-23,-0.0008700640908276359
2024-04-24,-9.022888754973282e-05
2024-04-25,-0.0016475112773641394
2024-04-26,0.0032125238872163296
2024-04-29,-0.0034088163311913346
2024-04-30,0.00231166993325774
2024-05-01,-0.002881492192904227
2024-05-02,-0.004158216502350838
2024-05-03,0.001997421842486671
2024-05-06,0.002444443166583847
2024-05-07,0.002790976237054447
2024-05-08,0.0007685105885160002
2024-05-09,0.00010083663512951289
2024-05-10,0.0027169050287833155
2024-05-13,-0.002752571536449344
2024-05-14,-0.002279422093804113
2024-05-15,0.0024912999422197555
2024-05-16,-0.0016849810906016211
2024-05-17,-0.00026164953233992944
2024-05-20,0.00018049868214339049
2024-05-21,0.000668240468587569
2024-05-22,0.00010038477519422978
2024-05-23,0.004827552188555628
2024-05-24,0.0011278945671468533
2024-05-28,0.001261079931672545
2024-05-29,0.0023524006847127836
2024-05-30,0.0021575923527908237
2024-05-31,-0.004433174652843725
2024-06-03,0.00038992308529478846
2024-06-04,0.0015002822430216858
2024-06-05,0.0011956762118213301
2024-06-06,9.772225465753646e-05
2024-06-07,0.0013599921320869785
2024-06-10,0.0008060414619741508
2024-06-11,0.002306024467930629
2024-06-12,-0.002154846826064979
2024-06-13,0.004770406651359162
2024-06-14,0.004734894388991814
2024-06-17,0.0005575257533154376
2024-06-18,0.0008194145718580122
2024-06-20,-0.0016710364094952848
2024-06-21,-0.002848285276738733
2024-06-24,4.1577277209480893e-05
2024-06-25,0.0031486283073032767
2024-06-26,0.0001954520719377415
2024-06-27,-0.0016136821229892305
2024-06-28,0.0006703338799038951
2024-07-01,0.0011089361502037303
2024-07-02,7.353622070948496e-06
2024-07-03,-0.0006094731031130902
2024-07-05,0.0007408495426260359
2024-07-08,-0.001327383405175223
2024-07-09,0.0001825937397150914
2024-07-10,-0.0005459036773548562
2024-07-11,-0.0031886203027079773
2024-07-12,-0.004650033495614316
2024-07-15,0.0010361027330897743
2024-07-16,-0.005488957040637469
2024-07-17,-0.001551913702550237
2024-07-18,0.0009747087571670386
2024-07-19,-0.0009327185909129496
2024-07-22,-0.0006549588992519718
2024-07-23,0.0036868850762665287
2024-07-24,-0.0026080593354427107
2024-07-25,-0.0022595921239560494
2024-07-26,-0.0016113889572885304
2024-07-29,0.0006515059429304092
2024-07-30,-0.0015413115241244841
2024-07-31,0.0031043339859501595
2024-08-01,0.0003972975549231314
2024-08-02,0.004053658984306288
2024-08-05,-0.0008300626577405105
2024-08-06,0.004290148207131344
2024-08-07,0.0004504243282737118
2024-08-08,0.001767612718538688
2024-08-09,0.0032546049269244286
2024-08-12,0.0016556578248330986
2024-08-13,-0.0015967940773359206
2024-08-14,0.00279776775629547
2024-08-15,0.0018733367193360302
2024-08-16,-7.101439808905682e-05
2024-08-19,-0.0007809989902273039
2024-08-20,0.002176836457332314
2024-08-21,-0.0001233795285739089
2024-08-22,0.0029041246408580707
2024-08-23,-0.002168408198910879
2024-08-26,-0.00029840894230945725
2024-08-27,0.001357122793981219
2024-08-28,6.316394583619242e-06
2024-08-29,-0.0008896658825942727
2024-08-30,-0.0005242672118892668
2024-09-03,-2.5388370198467918e-05
2024-09-04,-0.0017466085292220667
2024-09-05,-0.0017771527858014185
2024-09-06,-0.004259056507285377
2024-09-09,0.0017438122616980337
2024-09-10,-0.0038048114865357175
2024-09-11,0.004378420098989107
2024-09-12,0.002824720641163648
2024-09-13,0.0021178478837276557
2024-09-16,-0.0015996742411714723
2024-09-17,0.0008373127629557958
2024-09-18,6.90966813706622e-05
2024-09-19,-0.0013830589258196945
2024-09-20,0.002232641116600025
2024-09-23,0.0006516421279492053
2024-09-24,-0.0027742260143272393
2024-09-25,0.0004901504241719374
2024-09-26,-0.0033596817898148704
2024-09-27,-0.0026158612941921296
2024-09-30,3.3085577057249735e-05
2024-10-01,0.002048165968163382
2024-10-02,0.0015525162206868962
2024-10-03,0.0026024554286716746
2024-10-04,0.0016394386153491464
2024-10-07,0.00013130100749200206
2024-10-08,0.0019647491614345797
2024-10-09,-0.0002243859016505962
2024-10-10,0.0010116341446377358
2024-10-11,0.0029102594349597302
2024-10-14,-0.0016974582196063442
2024-10-15,0.000742628595982607
2024-10-16,0.0008962858825501166
2024-10-17,0.0007928596679698517
2024-10-18,0.0025290520551834025
2024-10-21,0.0029278300218247293
2024-10-22,0.000902444905304774
2024-10-23,-0.00024145500924348384
2024-10-24,-0.005504346898550589
2024-10-25,-0.00044021713142527357
2024-10-28,-0.0004809252440290015
2024-10-29,-0.00020003644483384845
2024-10-30,0.0025515462351581243
2024-10-31,-0.0035336045605839903
2024-11-01,0.0006599434807068447
2024-11-04,0.0018738533919835495
2024-11-05,-0.0011092355849632134
2024-11-06,-0.006570647650926307
2024-11-07,0.0016321769494514315
2024-11-08,0.00021971939031524744
2024-11-11,-0.003053412951157729
2024-11-12,0.0035483035536725822
2024-11-13,-0.0022281116504386644
2024-11-14,0.0010701829988525213
2024-11-15,-0.003024141863149914
2024-11-18,-0.0016674229625575456
2024-11-19,0.005564320856629552
2024-11-20,-3.6625206509950805e-05
2024-11-21,-0.0019564373805879103
2024-11-22,-0.002604637046799437
2024-11-25,-0.0021079581888479677
2024-11-26,0.00616423188198491
2024-11-27,0.0012531233032887703
2024-11-29,5.455492135979422e-05
2024-12-02,0.00169299665143068
2024-12-03,0.0054797937088197565
2024-12-04,-0.00017863924020147326
2024-12-05,0.003250456036241581
2024-12-06,0.001197587235017717
2024-12-09,-0.0013799404861985145
2024-12-10,0.002695385902306016
2024-12-11,0.0035293766810304663
2024-12-12,0.002121316195706643
2024-12-13,0.004002128087247076
2024-12-16,-0.002296252525909623
2024-12-17,-0.00023927809432465778
2024-12-18,0.0007955094912385649
2024-12-19,0.002813943324437517
2024-12-20,-0.001828724260798089
2024-12-23,-0.0007843433300639483
2024-12-24,8.11998073083324e-05
2024-12-26,-0.0009175391388071806
2024-12-27,-0.000745101957670136
2024-12-30,0.0008876696460439677
2024-12-31,-0.0011326155614660792
2025-01-02,0.0027006187354469482
2025-01-03,-0.0011590591967477971
2025-01-06,0.0014310278222978128
2025-01-07,-0.0018278888857655553
2025-01-08,0.001508037346220912
2025-01-10,0.0022283057033841594
2025-01-13,-0.004069095262980854
2025-01-14,-0.0015197541036514111
2025-01-15,0.0018534147697516796
2025-01-16,0.0006358957261630023
2025-01-17,-0.0006390115065050872
2025-01-21,-0.0004110099027890045
2025-01-22,0.005672046570871834
2025-01-23,-0.0009916608406930385
2025-01-24,0.0013596392171738188
2025-01-27,-0.0038183011841972756
2025-01-28,0.002006066705313517
2025-01-29,0.0025724094448339495
2025-01-30,0.006586406879788927
2025-01-31,-0.0014306415757242596
2025-02-03,0.004441920706646899
2025-02-04,0.0015539605771532985
2025-02-05,0.0006922853761845388
2025-02-06,0.0039717679088988505
2025-02-07,0.0015139084845815411
2025-02-10,-0.001154942556296858
2025-02-11,-0.0026038872771930463
2025-02-12,-0.00046194187680239425
2025-02-13,0.00042415326180897427
2025-02-14,-8.607803801146389e-05
2025-02-18,-0.006062763243133448
2025-02-19,0.0009047916513952016
2025-02-20,-0.0038234920344220025
2025-02-21,0.001748038484188687
2025-02-24,-0.0016044343257358765
2025-02-25,-0.0002798425109562469
2025-02-26,-0.0015867401068000225
2025-02-27,0.0027351031220700975
2025-02-28,0.002492236035119053
2025-03-03,-0.0009843867861869628
2025-03-04,-0.0009249892398747679
2025-03-05,0.0007558151647020559
2025-03-06,-0.005047437238988442
2025-03-07,-0.004939278545956389
2025-03-10,-0.0029236194739072686
2025-03-11,0.002740168780564928
2025-03-12,0.0005026980068148003
2025-03-13,-0.0018610024517791595
2025-03-14,0.001522767789608831
2025-03-17,-0.004375423055732767
2025-03-18,-0.0028732251758682827
2025-03-19,0.0061332081685282315
2025-03-20,0.0006955470064643198
2025-03-21,0.0025850408113160792
2025-03-24,0.004743863631827302
2025-03-25,0.0034351957929763806
2025-03-26,0.0015315288739985544
2025-03-27,0.001393038504005879
2025-03-28,-0.0016650506087968015
2025-03-31,0.0014190284623527706
2025-04-01,0.0032993329905874427
2025-04-02,-0.0011577092277313226
2025-04-03,0.001051815626003826
2025-04-04,-0.0006918110376048499
2025-04-07,0.004766176821521621
2025-04-08,0.005997782011817178
2025-04-09,-0.004179345993127146
2025-04-10,0.004743564149752459
2025-04-11,0.0021774421076357444
2025-04-14,-0.0020803715564761205
2025-04-15,0.0020946649261845097
2025-04-16,0.0011335915703003796
2025-04-17,0.004711968380742539
2025-04-21,-0.0007101798535786364
2025-04-22,0.0032198172651556408
2025-04-23,-0.0005391719198489829
2025-04-24,-0.0008617714263573314
2025-04-25,0.0003953044837886953
2025-04-28,-0.0003393350068691888
2025-04-29,0.0007073252260688236
2025-04-30,3.499677042397429e-05
2025-05-01,0.00573545160911459
2025-05-02,0.0003130195771163616
2025-05-05,0.00020215718944646794
2025-05-06,0.002906997025861626
2025-05-07,-0.003915318982225884
2025-05-08,-0.0010701750297111242
2025-05-09,0.0012522811683359594
2025-05-12,-0.005632564709947022
2025-05-13,0.00648428741834055
2025-05-14,0.0028069878962510278
2025-05-15,0.0029660301138864863
2025-05-16,-0.0025802325547144875
2025-05-19,-0.00044411993846457394
2025-05-20,-0.0019787387141577597
2025-05-21,0.0030964191972047
2025-05-22,-0.000701412539694407
2025-05-23,0.001831124280870589
2025-05-27,-0.0013450175559440323
2025-05-28,0.0005348035320262914
2025-05-29,0.0005222708995029194
2025-05-30,0.00324774593503471
2025-06-02,0.002250914950587112
2025-06-03,-0.0020215183511765383
2025-06-04,0.0015898880336922695
2025-06-05,0.0011786913792344307
2025-06-06,-0.0015942802368888156
2025-06-09,-0.0037593130955876127
2025-06-10,-0.005751101990489451
2025-06-11,0.0018777533033867695
2025-06-12,-0.003060944447226237
2025-06-13,-0.0009094750917828233
2025-06-16,-0.0004344945297715801
2025-06-17,0.004771895649885367
2025-06-18,-0.0005433384093871229
2025-06-20,0.0007988620784629584
2025-06-23,0.001445150087487528
2025-06-24,-0.00208896858930166
2025-06-25,0.00038461197342938986
2025-06-26,0.0005273066989053048
2025-06-27,-0.0017584000976033267
2025-06-30,0.001869643638351498
2025-07-01,-0.007274150501861711
2025-07-02,-0.0010571054987128482
2025-07-03,0.0022146559219787406
2025-07-07,0.003073769924890086
2025-07-08,-0.005591712929826332
2025-07-09,0.0038546745003234795
2025-07-10,-0.0035117237705102906
2025-07-11,0.002426239880982332
2025-07-14,0.003510243408259389
2025-07-15,-0.00031455807878083173
2025-07-16,-0.0037575116293686378
2025-07-17,-0.000669918468286853
2025-07-18,0.0007079410355161683
2025-07-21,0.0019603006089417003
2025-07-22,-0.006614596662355572
2025-07-23,-0.0018870562833135523
2025-07-24,0.0032460419606099317
2025-07-25,0.002431364496100654
2025-07-28,-0.001513652495293835
2025-07-29,0.002996176497587312
2025-07-30,0.002978074728409597
2025-07-31,0.008147598509315067
2025-08-01,-0.0001378523595223346
2025-08-04,0.0004920252065287981
2025-08-05,-0.0042439219458433024
2025-08-06,0.007601409360239717
2025-08-07,-0.0026462060814586535
2025-08-08,0.0009178204739989977
2025-08-11,-0.0010332513080340826
2025-08-12,-0.0022213135325252673
2025-08-13,-0.008706804649294596
2025-08-14,0.0013128002974524193
2025-08-15,-0.007322149799416066
2025-08-18,0.0001442394166168203
2025-08-19,-0.003625482772156569
2025-08-20,0.004211253677750909
2025-08-21,-0.0007177973227459484
2025-08-22,-0.00434745338538512
2025-08-25,0.0028039360728149528
2025-08-26,0.001993089375199061
2025-08-27,-3.101564162148893e-05
2025-08-28,0.0034593177222905593
2025-08-29,-0.0026783762679570204
2025-09-02,0.001356805004098704
2025-09-03,0.0032246546036704313
2025-09-04,0.0041570591321383864
2025-09-05,-0.001398317753741878
2025-09-08,0.003545055523632138
2025-09-09,0.0010090314909806828
2025-09-10,0.006726586718462935
2025-09-11,-0.0028566608742375287
2025-09-12,0.0009305162581053615
2025-09-15,0.00019629541341588492
2025-09-16,-0.0004458360130287812
2025-09-17,0.0010347629677665514
2025-09-18,-0.00666485911556322
2025-09-19,0.002001382388665052
2025-09-22,-0.002046054051649235
2025-09-23,-0.0015829354974183157
2025-09-24,-0.0013156704717747275
2025-09-25,0.0041291727129383095
2025-09-26,-0.0028176046094262894
2025-09-29,-0.0002499308729026645
2025-09-30,-0.003082829667742507
2025-10-01,-0.013364810227058939
2025-10-02,-0.0023664991791784336
2025-10-03,-0.0014699274625595941
2025-10-06,-0.003812032976120758
2025-10-07,0.003413818001399894
2025-10-08,-0.0024312047272152244
2025-10-09,0.0009372916921393867
2025-10-10,0.0028367613068336563
2025-10-13,9.788148787004924e-05
2025-10-14,0.0026456371019045774
2025-10-15,-0.001628181333858027
2025-10-16,-0.005633036190035021
2025-10-17,0.003650095445111961
2025-10-20,-0.0008146070254456793
2025-10-21,-0.004286334825994843
2025-10-22,0.0023195866452605505
2025-10-23,-0.0018266794482112126
2025-10-24,0.0009886259973976208
2025-10-27,-0.002995289193711476
2025-10-28,0.0016688439271598876
2025-10-29,0.0034621368708034226
2025-10-30,-0.0014004682638747038
2025-10-31,-0.0014068557865221487
2025-11-03,0.002592567052488937
2025-11-04,0.004207712576343346
2025-11-05,-0.003400813664377153
2025-11-06,0.002570692340495076
2025-11-07,0.00039497641341466986
2025-11-10,0.0016943452154536008
2025-11-11,-0.0030347201336607533
2025-11-12,-0.004728375243346627
2025-11-13,-0.0003770508991127947
2025-11-14,0.0009849682441622264
2025-11-17,-0.00041653364925059536
2025-11-18,-0.002683097001546652
2025-11-19,0.0004906745963510834
2025-11-20,0.003196251304982408
2025-11-21,-0.006749526291128469
2025-11-24,0.0032918376633393415
2025-11-25,-0.0007391112930370563
2025-11-26,0.0010306124365178648
2025-11-28,0.0003876767325627655
2025-12-01,-0.001260998827074545
2025-12-02,-0.00314797501492004
2025-12-03,-0.006364085916141802
2025-12-04,0.0032697867345228547
2025-12-05,-0.0025889434882551284
2025-12-08,0.003209766372454111
2025-12-09,-0.0005477310940366573
2025-12-10,-0.006603778799908955
2025-12-11,0.004721297686503274
2025-12-12,0.0014195940701683925
2025-12-15,-0.002128550590137748
2025-12-16,0.00123962220077987
2025-12-17,0.0021860244335878895
2025-12-18,4.311269299504703e-07
2025-12-19,0.001393934575867652
2025-12-22,0.0015685472863421082
2025-12-23,0.0025952954780828746
2025-12-24,-0.0003816788767230602
2025-12-26,-0.0008970312146927904
